"danish","swedish","pos","example_da","example_sv","note","deck","cefr","tags","audio","audio_example"
"begejstret","entusiastisk","adj","Hun var helt begejstret for idéen.","Hon var helt entusiastisk över idén.","Motsvarar svenska 'begejstrad/entusiastisk'. Vanligt ord för positiv iver.","känslor-b1","b1","adj","audio/da-1f316376f10d2a.mp3","audio/da-1f316376f10d2a-ex.mp3"
"følelse","känsla","noun","Jeg havde en mærkelig følelse i maven.","Jag hade en konstig känsla i magen.","En-ord: 'en følelse'.","känslor-b1","b1","noun","audio/da-1e4d665b7c9ca6.mp3","audio/da-1e4d665b7c9ca6-ex.mp3"
"springe","hoppa","verb","Drengen kunne springe over hækken.","Pojken kunde hoppa över häcken.","Falsk vän: danskt 'springe' = hoppa, INTE springa. Springa heter 'løbe' på danska.","falske-venner-b1","b1","falsk-ven|asymmetrisk","audio/da-1e995da1ce4fbf.mp3","audio/da-1e995da1ce4fbf-ex.mp3"
"hoppe","hoppa","verb","Børnene hopper i sengen.","Barnen hoppar i sängen.","'Hoppe' och 'springe' överlappar för hoppa; 'springe' kan dock även betyda spränga/brista.","verber-b1","b1","verb","audio/da-169038dd5eff66.mp3","audio/da-169038dd5eff66-ex.mp3"
"hue","mössa","noun","Tag din hue på, det er koldt.","Ta på dig mössan, det är kallt.","Rättat: 'hue' = stickad mössa/luva, inte 'hatt' (hatt med brätte = 'hat' på danska). En-ord: 'en hue'.","kläder-b1","b1","noun","audio/da-19dd2befc40280.mp3","audio/da-19dd2befc40280-ex.mp3"
"løbe","springa","verb","Jeg løber en tur hver morgen.","Jag springer en runda varje morgon.","Falsk vän-fälla: 'løbe' = springa. Jämför danskt 'springe' = hoppa.","falske-venner-b1","b1","falsk-ven|asymmetrisk","audio/da-03cbfe456a097d.mp3","audio/da-03cbfe456a097d-ex.mp3"
"brusebad","dusch","noun","Jeg tager et brusebad efter træning.","Jag tar en dusch efter träningen.","'Brusebad' = dusch; verbet är 'tage et brusebad' (= duscha). Et-ord: 'et brusebad'.","hverdag-b1","b1","noun","audio/da-134ba4c62a6c85.mp3","audio/da-134ba4c62a6c85-ex.mp3"
"tilpasse","anpassa","verb","Vi må tilpasse planen til vejret.","Vi måste anpassa planen efter vädret.","Ofta refleksivt: 'tilpasse sig' = anpassa sig.","verber-b1","b1","verb","audio/da-0c1c519f9ae321.mp3","audio/da-0c1c519f9ae321-ex.mp3"
"dyppe","doppa","verb","Hun dyppede kiksen i kaffen.","Hon doppade kexet i kaffet.","Rättat infinitiv: 'dyppe' (användaren skrev substantivformen 'dyp'). 'et dyp' = ett dopp.","verber-b1","b1","verb|stavning","audio/da-0b3e8751e27700.mp3","audio/da-0b3e8751e27700-ex.mp3"
"genstande","saker","noun","Læg dine personlige genstande i skabet.","Lägg dina personliga saker i skåpet.","Plural av 'en genstand' = ett föremål/en sak. Lite mer formellt än 'ting'.","hverdag-b1","b2","noun","audio/da-165cc86b3d2baa.mp3","audio/da-165cc86b3d2baa-ex.mp3"
"bademakker","badkompis","noun","Han er min faste bademakker i svømmehallen.","Han är min fasta badkompis i simhallen.","'makker' = kompis/partner (ledigt). En-ord: 'en bademakker'.","hverdag-b1","b2","noun","audio/da-01f51642d0a82b.mp3","audio/da-01f51642d0a82b-ex.mp3"
"morsomt","roligt","adj","Det var en morsom historie.","Det var en rolig historia.","Rättat från 'mormond' → 'morsomt'. OBS falsk vän: danskt 'roligt' = lugnt, INTE roligt. Roligt/kul heter 'morsomt/sjovt' på danska.","falske-venner-b1","b1","falsk-ven|asymmetrisk","audio/da-05c5f9b7452ed8.mp3","audio/da-05c5f9b7452ed8-ex.mp3"
"måske","kanske","adv","Måske kommer jeg i morgen.","Kanske kommer jag i morgon.","Vanligt satsadverb. Uttal: stumt 'e' i slutet.","hverdag-b1","b1","adv","audio/da-17abb8bed5f760.mp3","audio/da-17abb8bed5f760-ex.mp3"
"Det sørger jeg for at få ordnet","det ser jag till att få fixat","phrase","Bare rolig, det sørger jeg for at få ordnet.","Var lugn, det ser jag till att få fixat.","Rättat: användaren skrev 'søger' (= söker); rätt är 'sørger'. 'sørge for' = se till; 'få ordnet' = få fixat. 'sørge' kan även betyda sörja (gråta), men 'sørge for' = ombesörja.","udtryk-og-idiomer-b2","b2","fras|stavning","audio/da-135c94a6b5dd15.mp3","audio/da-135c94a6b5dd15-ex.mp3"
"tømmermænd","baksmälla","noun","Jeg har tømmermænd efter festen i går.","Jag har baksmälla efter festen i går.","Alltid plural på danska (tømmermænd). Betyder ordagrant 'snickare' men avser baksmälla/bakfylla.","hverdag-b1","b1","falsk-ven|asymmetrisk","audio/da-11151900433eae.mp3","audio/da-11151900433eae-ex.mp3"
"karklud","kökstrasa","noun","Tør bordet af med en karklud.","Torka av bordet med en kökstrasa.","Användaren skrev pluralen 'karklude'; grundformen är 'karklud'. Även 'disktrasa'.","hjem-og-koekken-b1","b1","stavning","audio/da-01e680a9c4e22f.mp3","audio/da-01e680a9c4e22f-ex.mp3"
"anbefaler","rekommenderar","verb","Jeg anbefaler den her restaurant.","Jag rekommenderar den här restaurangen.","Infinitiv: at anbefale. Vanligt även i 'kan varmt anbefales' = kan varmt rekommenderas.","verber-b1","b1","","audio/da-0968ba2bd149d3.mp3","audio/da-0968ba2bd149d3-ex.mp3"
"midlertidig / midlertidigt","temporär / temporärt","adj","Det er kun en midlertidig løsning.","Det är bara en temporär lösning.","Adjektiv: midlertidig; adverb/intetkön: midlertidigt. Synonym på danska: foreløbig.","hverdag-b1","b2","","audio/da-0321fc96238151.mp3","audio/da-0321fc96238151-ex.mp3"
"trinvis","stegvis","adv","Vi indfører ændringerne trinvis.","Vi inför ändringarna stegvis.","Användaren skrev 'Tripvis' — korrekt danska är 'trinvis' (av trin = steg). Synonym: gradvis.","hverdag-b1","b2","stavning","audio/da-0cba241e2aae3b.mp3","audio/da-0cba241e2aae3b-ex.mp3"
"trin","steg / trappsteg","noun","Pas på det øverste trin.","Akta det översta trappsteget.","'trin' = steg (på trappa eller i en process). Danska 'steg' betyder stek (kött). Svenska 'skrin' = litet skrin/ask, inte ett trappsteg.","falske-venner-b1","b1","falsk-ven|omvänd","audio/da-0cfc9ed2e2e98f.mp3","audio/da-0cfc9ed2e2e98f-ex.mp3"
"nemt","lätt","adj","Det var nemt at finde vej.","Det var lätt att hitta dit.","Grundform: nem (lätt/enkel). 'lätt' i betydelsen icke-tung = dansk 'let'; 'nem' = enkel att göra.","hverdag-b1","b1","","audio/da-1873c8227d03e8.mp3","audio/da-1873c8227d03e8-ex.mp3"
"ked af det","ledsen","adj","Hun er ked af det, fordi hunden er væk.","Hon är ledsen för att hunden är borta.","Användaren skrev 'ked - sorligt'. 'ked' ensamt finns inte; det heter 'ked af det' = ledsen/sorgsen. 'jeg er ked af det' = jag är ledsen / jag är ledsen för det.","foelelser-b1","b1","stavning","audio/da-14d1046cab4312.mp3","audio/da-14d1046cab4312-ex.mp3"
"blid","mild","adj","Hun har en blid stemme.","Hon har en mild röst.","Betyder mild, vänlig, sanftmodig. Kan även beskriva väder eller beröring.","hverdag-b1","b2","","audio/da-1c0589fc87557f.mp3","audio/da-1c0589fc87557f-ex.mp3"
"hvad har der stået på?","vad har det pågått? / vad har varit på gång?","phrase","Jeg hørte larm — hvad har der stået på?","Jag hörde oväsen — vad har det pågått?","'stå på' (om en händelse) = pågå/hända. 'Hvad står der på?' = Vad är det som händer? Inte att förväxla med 'stå på' = orka/kämpa på.","udtryk-og-idiomer-b2","b2","fras","audio/da-1d9ef453c09cc9.mp3","audio/da-1d9ef453c09cc9-ex.mp3"
"have","ha / trädgård","other","Vi sidder i haven og drikker kaffe.","Vi sitter i trädgården och dricker kaffe.","Två betydelser: verbet 'at have' = att ha, och substantivet 'en have' = en trädgård. Svenska 'hav' (= dansk 'hav') är ett tredje, orelaterat ord.","falske-venner-b1","b1","falsk-ven|asymmetrisk","audio/da-0ffa737fb3a170.mp3","audio/da-0ffa737fb3a170-ex.mp3"
"bølgerne","vågorna","noun","Bølgerne slår mod stranden.","Vågorna slår mot stranden.","Användaren skrev 'bølgerna'; bestämd plural på danska är 'bølgerne'. Grundform: en bølge.","natur-og-vejr-b1","b1","stavning","audio/da-00435edf672981.mp3","audio/da-00435edf672981-ex.mp3"
"du slår græsset","du klipper gräset","phrase","Om sommeren slår jeg græsset hver uge.","På sommaren klipper jag gräset varje vecka.","Danska använder 'slå græs' (eg. 'slå' = meja) där svenskan säger 'klippa gräs'. Att 'slå' på svenska = slå/slåss, så uttrycket kan låta fel.","falske-venner-b1","b1","fras|falsk-ven|asymmetrisk","audio/da-07fcedd2dfd0c3.mp3","audio/da-07fcedd2dfd0c3-ex.mp3"
"køretøj","fordon","noun","Et tungt køretøj må ikke køre på broen.","Ett tungt fordon får inte köra på bron.","RÄTTAD: användaren skrev 'fartyg', men 'køretøj' = fordon (något man kör på land). Fartyg = dansk 'skib'.","falske-venner-b1","b1","falsk-ven|asymmetrisk","audio/da-1782536c9957c4.mp3","audio/da-1782536c9957c4-ex.mp3"
"blødt","mjukt","adj","Brødet er helt blødt.","Brödet är alldeles mjukt.","Intetkønsform (t-form) av 'blød'. OBS: 'bløt' är norska, inte danska - danskt 'mjuk' = blød/blødt/bløde.","hverdag-b1","b1","stavning","audio/da-0b718770ac65c2.mp3","audio/da-0b718770ac65c2-ex.mp3"
"Det går sin skæve gang","Det går sin gilla gång","phrase","Trods alt går det sin skæve gang.","Trots allt går det sin gilla gång.","Idiom: saker har sin vanliga (lite skeva) gång. Översätt INTE ordagrant till 'sin sneda gång' - det är inte naturlig svenska; det idiomatiska är 'sin gilla gång'.","udtryk-og-idiomer-b2","b2","fras","audio/da-181b46d0ffb885.mp3","audio/da-181b46d0ffb885-ex.mp3"
"Det går godt, tak. Hvad med dig?","Det går bra, tack. Hur är det med dig?","phrase","Det går godt, tak. Hvad med dig?","Det går bra, tack. Hur är det med dig?","Standardsvar i smalltalk. 'Hvad med dig?' = 'Hur är det med dig?' / 'Och du?'.","smalltalk-b1","b1","fras","audio/da-186f3a4b940504.mp3","audio/da-186f3a4b940504-ex.mp3"
"Ja, den gik alt for hurtigt! Hvad med dig? Har du haft en god weekend?","Ja, den gick alldeles för fort! Hur är det med dig? Har du haft en bra helg?","phrase","Ja, den gik alt for hurtigt! Har du haft en god weekend?","Ja, den gick alldeles för fort! Har du haft en bra helg?","Smalltalk om helgen. 'weekend' används på danska där svenskan säger 'helg'. 'alt for' = 'alldeles för'/'allt för'.","smalltalk-b1","b1","fras","audio/da-0d207aa983b266.mp3","audio/da-0d207aa983b266-ex.mp3"
"Velbekomme","smaklig måltid","phrase","Værsgo at spise - velbekomme!","Varsågod och ät - smaklig måltid!","Sägs både före OCH efter måltid på danska. Före = 'smaklig måltid'; efter (svar på 'tak for mad') motsvarar snarare svenskans 'varsågod'.","smalltalk-b1","b1","fras","audio/da-0741e4a4306c67.mp3","audio/da-0741e4a4306c67-ex.mp3"
"begynde","börja","verb","Vi begynder klokken ni.","Vi börjar klockan nio.","Danskan har även 'starte' (mer vardagligt). 'begynde' böjs begyndte/begyndt.","verber-b1","b1","","audio/da-1fcfc58faae4ac.mp3","audio/da-1fcfc58faae4ac-ex.mp3"
"Jeg undrer mig over","Jag undrar","phrase","Jeg undrer mig over, hvorfor han ikke kom.","Jag undrar varför han inte kom.","Danska 'undre sig over' är reflexivt + 'over' där svenskan bara har 'undra (över)'. OBS: 'undre' uttrycker mer förvåning; ren nyfikenhet kan vara 'jeg gad vide'.","verber-b1","b2","asymmetrisk","audio/da-191a41630a11c2.mp3","audio/da-191a41630a11c2-ex.mp3"
"hver","varje","other","Jeg løber hver dag.","Jag springer varje dag.","Determinativ. OBS uttal: 'hver' låter som 'vejr' (väder) - kontext skiljer. Inte att förväxla med 'hvor' (var/vart).","hverdag-b1","b1","uttal","audio/da-06f15e9ce3ac68.mp3","audio/da-06f15e9ce3ac68-ex.mp3"
"prøver","försöker","verb","Jeg prøver at forstå.","Jag försöker förstå.","Infinitiv 'prøve'. Betyder även 'prova' (kläder, smak) - 'prøve en trøje'. Försök + att: 'prøve at'.","verber-b1","b1","","audio/da-17e845f880b1f1.mp3","audio/da-17e845f880b1f1-ex.mp3"
"snakker","pratar","verb","Vi snakker sammen i morgen.","Vi pratar i morgon.","Infinitiv 'snakke', vardagligt 'prata'. Mer formellt/neutralt = 'tale'. 'snakka' finns även i svenskan men är mer dialektalt/vardagligt.","verber-b1","b1","","audio/da-04bc2f8045c654.mp3","audio/da-04bc2f8045c654-ex.mp3"
"gentage","upprepa","verb","Kan du gentage spørgsmålet?","Kan du upprepa frågan?","Böjs gentog/gentaget. Substantiv: 'en gentagelse' = 'en upprepning'.","verber-b1","b1","","audio/da-1f3203cf8276f8.mp3","audio/da-1f3203cf8276f8-ex.mp3"
"stadig","fortfarande","adv","Jeg er stadig sulten.","Jag är fortfarande hungrig.","FALSK VÄN: danska 'stadig' = svenska 'fortfarande' (still). Svenska 'stadig' (stabil, stadig) = danska 'stabil/fast'. Variant: 'stadigvæk'.","falske-venner-b1","b1","falsk-ven|omvänd","audio/da-0dbb3b441615a6.mp3","audio/da-0dbb3b441615a6-ex.mp3"
"er","är","verb","Hun er læge.","Hon är läkare.","Presens av 'at være' (att vara). Uttal: 'er' låter ungefär som svenskt 'ær' med tyst/svagt r.","verber-b1","b1","","audio/da-0d900e1dc45acf.mp3","audio/da-0d900e1dc45acf-ex.mp3"
"ordene","orden","noun","Jeg kender ikke ordene.","Jag kan inte orden.","Bestämd form plural av 'et ord'. Danska bestämd plural-ändelse '-ene' (ordene) där svenskan har '-en' (orden). Obestämd plural: 'ord' (oförändrad) i båda.","hverdag-b1","b1","asymmetrisk","audio/da-0bff6bb7e1454e.mp3","audio/da-0bff6bb7e1454e-ex.mp3"
"ved siden af","bredvid","phrase","Han sad ved siden af mig.","Han satt bredvid mig.","Flerordig på danska: bokstavligt 'vid sidan av'. Kan också betyda 'fel' i uttrycket 'helt ved siden af'.","hverdag-b1","b1","","audio/da-1e35b38b24d3d2.mp3","audio/da-1e35b38b24d3d2-ex.mp3"
"pæn","snygg/fin","adj","Hun har en pæn kjole på.","Hon har en snygg klänning på sig.","Brett ord: både 'snygg/vacker' och 'fin/prydlig/anständig' (en pæn opførsel). Svenska 'pen' i den betydelsen är ålderdomligt/dialektalt.","hverdag-b1","b1","","audio/da-11165e6a7c2dd0.mp3","audio/da-11165e6a7c2dd0-ex.mp3"
"jordbær","jordgubbe","noun","Vi plukkede jordbær i haven.","Vi plockade jordgubbar i trädgården.","Falsk vän i formen: danska 'jordbær' = jordgubbe, inte svenska 'jordbär' (som inte används i modern svenska). 'Bær' = bär. Jämför 'smultron' = skovjordbær.","falske-venner-b1","b1","falsk-ven|asymmetrisk","audio/da-1e6fd0fb7fe79e.mp3","audio/da-1e6fd0fb7fe79e-ex.mp3"
"formue","förmögenhet","noun","Han arvede en stor formue.","Han ärvde en stor förmögenhet.","Stavas 'formue' på danska (inte 'formoue'). Betyder förmögenhet/kapital.","hverdag-b1","b2","stavning","audio/da-0e21adf161c487.mp3","audio/da-0e21adf161c487-ex.mp3"
"ser ud til at have","verkar ha","phrase","Han ser ud til at have travlt.","Han verkar ha bråttom.","'Se ud til at' = verka/se ut att. Fast konstruktion med 'at' + infinitiv.","verber-b1","b1","","audio/da-0c38ab85b45784.mp3","audio/da-0c38ab85b45784-ex.mp3"
"opgivet","gett upp","verb","Jeg har opgivet at overbevise ham.","Jag har gett upp att övertyga honom.","Particip av 'opgive' (ge upp). Betyder också 'uppge/ange' (opgive sit navn).","verber-b1","b1","","audio/da-1b12027fe6d376.mp3","audio/da-1b12027fe6d376-ex.mp3"
"ind imellem","ibland","adv","Ind imellem tager jeg cyklen på arbejde.","Ibland tar jag cykeln till jobbet.","Betyder 'då och då, emellanåt'. Kan också vara konkret 'in emellan/mellan' (fysiskt).","tid-og-numre-b1","b1","","audio/da-0aef7362b8ec13.mp3","audio/da-0aef7362b8ec13-ex.mp3"
"derhjemme","hemma","adv","Jeg blev derhjemme hele dagen.","Jag stannade hemma hela dagen.","'Hemma (där)'. Jämför 'hjemme' (utan der-). 'Herhjemme' = hemma här/här i landet.","hverdag-b1","b1","","audio/da-002bf3ff2cd6ac.mp3","audio/da-002bf3ff2cd6ac-ex.mp3"
"udkommer","släpps","verb","Albummet udkommer på fredag.","Albumet släpps på fredag.","Svenska 'släpps' (passiv av släppa) om utgivning = danska 'udkommer'/'bliver udgivet'. Mer vardagligt: 'kommer' (ut). Original 'Slæpps -> Kommer' var en transkriberingsglosa.","verber-b1","b2","","audio/da-1498a2dca7f80f.mp3","audio/da-1498a2dca7f80f-ex.mp3"
"knap nok","knappt","phrase","Jeg kunne knap nok høre ham.","Jag kunde knappt höra honom.","'Knap nok' = knappt/nätt och jämnt. 'Knap' ensamt betyder också knapp (på klädesplagg) och 'knapp/snäv'.","udtryk-og-idiomer-b2","b1","fras","audio/da-03dfda8e370196.mp3","audio/da-03dfda8e370196-ex.mp3"
"begyndte at lære","började lära mig","phrase","Jeg begyndte at lære dansk sidste år.","Jag började lära mig danska förra året.","'Begynde at' + infinitiv = börja. Notera: danska 'lære' har inget reflexivt 'mig' som svenska 'lära mig'.","verber-b1","b1","","audio/da-09a1661516efef.mp3","audio/da-09a1661516efef-ex.mp3"
"jeg laver bare sjov","jag skämtar","phrase","Slap af, jeg laver bare sjov!","Ta det lugnt, jag bara skämtar!","Naturligast på danska: 'lave sjov' (skämta). 'Jeg joker' förekommer också men är mer vardagligt/engelskinfluerat.","udtryk-og-idiomer-b2","b1","fras","audio/da-0d72b851016cc5.mp3","audio/da-0d72b851016cc5-ex.mp3"
"myldretid","rusningstid","noun","Der er kø på motorvejen i myldretiden.","Det är kö på motorvägen i rusningstid.","'Myldre' = myllra. Trafikens rusningstid (rusningstrafik = myldretrafik).","hverdag-b1","b2","","audio/da-174568efa8bb6e.mp3","audio/da-174568efa8bb6e-ex.mp3"
"sej","cool/tuff","adj","Han er virkelig sej på sin skateboard.","Han är riktigt cool på sin skateboard.","Falsk vän mot svenska 'seg' (= långsam/trög/seg). Danska 'sej' = cool/tuff/tålig; även konkret 'seg' om mat (sejt kød).","falske-venner-b1","b1","falsk-ven|asymmetrisk","audio/da-03cd8664d35161.mp3","audio/da-03cd8664d35161-ex.mp3"
"nysgerrighed","nyfikenhet","noun","Børns nysgerrighed er grænseløs.","Barns nyfikenhet är gränslös.","En-ord: 'en nysgerrighed'. Adjektivet är 'nysgerrig' = nyfiken.","hverdag-b1","b1","stavning","audio/da-0d9bdee0c76f33.mp3","audio/da-0d9bdee0c76f33-ex.mp3"
"lænestol","fåtölj","noun","Han faldt i søvn i lænestolen.","Han somnade i fåtöljen.","Ordagrant 'läns-stol' (stol med armstöd). En-ord: 'en lænestol'.","hverdag-b1","b1","stavning","audio/da-022d48791b42a3.mp3","audio/da-022d48791b42a3-ex.mp3"
"Jeg kan godt lide","jag gillar","phrase","Jeg kan godt lide din nye frisure.","Jag gillar din nya frisyr.","Fast uttryck för 'tycka om/gilla'. 'godt' är obligatoriskt; 'jeg kan lide' utan 'godt' låter ofullständigt.","udtryk-og-idiomer-b1","b1","fras","audio/da-123e14fbc31bdf.mp3","audio/da-123e14fbc31bdf-ex.mp3"
"sådan cirka","typ, ungefär","phrase","Det tog sådan cirka tre måneder.","Det tog typ tre månader.","Motsvarar svenskans utfyllnads-'typ'/'ungefär' vid ungefärlig mängd. Danskan har även 'cirka' ensamt.","udtryk-og-idiomer-b1","b1","fras","audio/da-1d6a1cdc4456d7.mp3","audio/da-1d6a1cdc4456d7-ex.mp3"
"taske","väska","noun","Hun glemte sin taske i toget.","Hon glömde sin väska på tåget.","En-ord: 'en taske'. OBS falsk vän: danska 'taske' kan i slang även vara ett skällsord för en kvinna, men grundbetydelsen är väska.","hverdag-b1","b1","stavning","audio/da-0d0555786b92c6.mp3","audio/da-0d0555786b92c6-ex.mp3"
"giv slip","släpp taget, låt det vara","phrase","Du må give slip på fortiden.","Du måste släppa taget om det förflutna.","'give slip (på)' = släppa taget om. Användarens 'giv det slip' är ogrammatiskt; rätt är 'giv slip på det' eller 'slip det'.","udtryk-og-idiomer-b2","b2","fras","audio/da-1df816c128cd06.mp3","audio/da-1df816c128cd06-ex.mp3"
"gemmeleg","kurragömma","noun","Børnene legede gemmeleg i haven.","Barnen lekte kurragömma i trädgården.","Danska 'gemmeleg' (av 'gemme' = gömma + 'leg' = lek) = svenska 'kurragömma'. Användarens 'Kurragemme/Kureagömma' var hopblandat.","hverdag-b1","b1","stavning","audio/da-173004b2ae7be9.mp3","audio/da-173004b2ae7be9-ex.mp3"
"rykke","flytta (i tid, t.ex. ett möte)","verb","Kan vi rykke mødet til i morgen?","Kan vi flytta mötet till imorgon?","'rykke' om tid = flytta/ändra tidpunkt. Betyder annars rycka/dra i (en riktning). Skiljs från 'flytte' (flytta bostad/sak).","verber-b1","b1","","audio/da-1d1eabecc4446a.mp3","audio/da-1d1eabecc4446a-ex.mp3"
"flytte","flytta","verb","Vi flytter til en ny lejlighed.","Vi flyttar till en ny lägenhet.","'flytte' = flytta (sak/sig själv/bostad). Jämför 'rykke' som om tid betyder flytta en tidpunkt.","verber-b1","b1","","audio/da-17808d5105f773.mp3","audio/da-17808d5105f773-ex.mp3"
"sluge","svälja","verb","Han slugte pillen uden vand.","Han svalde pillret utan vatten.","'sluge' = svälja (även bildligt: 'sluge en bog' = sluka en bok). Jämför svenskans 'sluka'.","verber-b1","b1","","audio/da-114c908339499b.mp3","audio/da-114c908339499b-ex.mp3"
"fællesnævner","gemensam nämnare","noun","Musik var deres fælles nævner.","Musik var deras gemensamma nämnare.","Matematik: 'nævner' = nämnare. Används även bildligt om något gemensamt. En-ord: 'en fællesnævner'.","hverdag-b1","b2","stavning","audio/da-052b66fb54cea3.mp3","audio/da-052b66fb54cea3-ex.mp3"
"baglæns","baklänges","adv","Hun gik baglæns ned ad trappen.","Hon gick baklänges nerför trappan.","'bag' = bak + '-læns' (jfr svenska '-länges'). Motsats: 'forlæns' = framlänges.","hverdag-b1","b1","stavning","audio/da-0642d1b5b8bcb3.mp3","audio/da-0642d1b5b8bcb3-ex.mp3"
"at tage skraldet","ta smällen, få ta konsekvenserna","phrase","Det var chefens fejl, men jeg måtte tage skraldet.","Det var chefens fel, men jag fick ta smällen.","Idiom: få ta konsekvenserna av något (ofta något andra ställt till med). 'skrald' = skräp/smäll/knall; här bildligt.","udtryk-og-idiomer-b2","b2","fras","audio/da-1c2b7bc86b4572.mp3","audio/da-1c2b7bc86b4572-ex.mp3"
"at bide tænderne sammen","bita ihop tänderna, härda ut","phrase","Det gør ondt, men du må bide tænderne sammen.","Det gör ont, men du får bita ihop.","Bildligt: stå ut med något jobbigt utan att klaga. Identiskt uttryck på svenska ('bita ihop').","udtryk-og-idiomer-b2","b2","fras","audio/da-06f81f07186c25.mp3","audio/da-06f81f07186c25-ex.mp3"
"man må bare tage det på brystet","man får bara ta det på sig / brösta det","phrase","Det var min fejl, så jeg må tage det på brystet.","Det var mitt fel, så jag får ta det på mig.","Betyder 'ta ansvaret/stå för det, ta smällen'. Svenskt 'brösta det' är slangigt och inte en perfekt motsvarighet (det lutar mot 'spänna sig/skryta'); naturligare gloss är 'ta det på sig' eller 'ta smällen'.","udtryk-og-idiomer-b2","b2","fras","audio/da-1efae44fb9dcf8.mp3","audio/da-1efae44fb9dcf8-ex.mp3"
"mangler","saknar, fattas, behöver","verb","Jeg mangler penge.","Jag saknar/behöver pengar.","Grundform 'at mangle'. Kan betyda både 'sakna' (jeg mangler dig) och 'behöva/det fattas' (der mangler salt). 'Jeg mangler X' = jag behöver/saknar X.","hverdag-b1","b1","","audio/da-1c7915dfa14f67.mp3","audio/da-1c7915dfa14f67-ex.mp3"
"jeg løb om morgenen","jag sprang på morgonen","phrase","Jeg løb om morgenen.","Jag sprang på morgonen.","Datidsexempel av 'at løbe' (springa). Notera 'om morgenen' = på morgonen.","hverdag-b1","b1","","audio/da-1302df1c041598.mp3","audio/da-1302df1c041598-ex.mp3"
"i lige måde","detsamma, likaså","phrase","God weekend! - Tak, i lige måde!","Trevlig helg! - Tack, detsamma!","Artigt svar = 'detsamma/likaså'. Bokstavligt 'i lika måtto'. Vanligt efter t.ex. 'god weekend' eller 'velbekomme'.","hverdag-b1","b1","fras","audio/da-06776a751ca945.mp3","audio/da-06776a751ca945-ex.mp3"
"lige","precis, just, rakt, lika","adv","Jeg kommer lige om lidt.","Jag kommer alldeles strax.","Mångtydigt: 'precis/just' (lige nu), 'rakt' (gå lige ud), 'lika/jämnt' (lige store), och som mjukgörande utfyllnadsord (kan du lige...?). Mot svenskans 'lika' bara i en av betydelserna.","hverdag-b1","b1","","audio/da-09784721d84afd.mp3","audio/da-09784721d84afd-ex.mp3"
"sgu","faktiskt, minsann (förstärkningsord)","adv","Det var sgu hyggeligt.","Det var faktiskt mysigt.","Informell förstärkande modalpartikel/mild svordom, från eden 'så Gud (hjælpe mig)'. Markerar personlig övertygelse; undvik i formella sammanhang. Ingen exakt svensk motsvarighet - 'faktiskt/minsann/banne mig'.","udtryk-og-idiomer-b2","b2","","audio/da-05fdea7cccfc03.mp3","audio/da-05fdea7cccfc03-ex.mp3"
"plejer","brukar (vanligtvis)","verb","Jeg plejer at stå tidligt op.","Jag brukar gå upp tidigt.","Grundform 'at pleje'. 'pleje at + infinitiv' = brukar. 'pleje' betyder också 'vårda/sköta' (pleje en patient). Anv. inte den svenskinfluerade formen 'plejar'.","verber-b1","b1","stavning","audio/da-0e5bbf436f4b3b.mp3","audio/da-0e5bbf436f4b3b-ex.mp3"
"lomme","ficka","noun","Nøglerne ligger i min lomme.","Nycklarna ligger i min ficka.","Bildar många sammansättningar: lommeregner (miniräknare), lommelygte (ficklampa), lommepenge (fickpengar).","hverdag-b1","b1","","audio/da-1d3104c3c7f495.mp3","audio/da-1d3104c3c7f495-ex.mp3"
"tøve","tveka, dröja, vänta","verb","Tøv ikke med at ringe.","Tveka inte att ringa.","Grundform 'at tøve'. 'tøve med' = tveka inför / avvakta med. Inte att förväxla med 'tø' (töa/smälta).","verber-b1","b1","","audio/da-0d4c53db9a9f9c.mp3","audio/da-0d4c53db9a9f9c-ex.mp3"
"alligevel","ändå, likväl","adv","Det regnede, men vi gik en tur alligevel.","Det regnade, men vi gick en promenad ändå.","Uttrycker motsättning som kvarstår: 'ändå/likväl/trots det'. Vanligt i slutet av satsen.","hverdag-b1","b1","","audio/da-1637bc8ef4b8f0.mp3","audio/da-1637bc8ef4b8f0-ex.mp3"
"akavet","pinsam, generad, klumpig","adj","Det blev en akavet tavshed.","Det blev en pinsam tystnad.","Kan vara fysiskt klumpig ('kejtet', avig rörelse) eller socialt obekväm/pinsam (en akavet situation). Närmast eng. 'awkward'.","hverdag-b2","b2","","audio/da-0b95556ccd7db2.mp3","audio/da-0b95556ccd7db2-ex.mp3"
"driller","krånglar, retar, ställer till det","verb","Computeren driller igen.","Datorn krånglar igen.","Grundform 'at drille'. Om personer = retas/driva med någon; om saker = krånglar/ställer till det (bilen driller).","verber-b1","b1","","audio/da-1f7cde063c15b4.mp3","audio/da-1f7cde063c15b4-ex.mp3"
"snildt","enkelt, lätt, smidigt","adv","Det klarede vi snildt.","Det klarade vi enkelt.","VARNING falsk vän: adj. 'snild' är besläktat med svenskans 'snäll' men betyder INTE snäll. Adv. 'snildt' = lätt/utan problem; adj. 'snild' = smart/fyndig/listig. Sv. 'snäll' (rar) heter på danska 'sød/rar'.","falske-venner-b1","b2","falsk-ven|asymmetrisk","audio/da-02df0c6e552136.mp3","audio/da-02df0c6e552136-ex.mp3"
"frokost","lunch","noun","Vi spiser frokost klokken tolv.","Vi äter lunch klockan tolv.","En-ord: 'en frokost'. Falsk vän: betyder LUNCH, inte frukost. Frukost heter 'morgenmad'.","mad-og-restaurant-b1","b1","mad|falsk-ven|asymmetrisk","audio/da-095ff6b57a0ed0.mp3","audio/da-095ff6b57a0ed0-ex.mp3"
"morgenmad","frukost","noun","Jeg fik havregryn til morgenmad.","Jag åt havregryn till frukost.","En-ord: 'en morgenmad' (oftast i bestämd form 'morgenmaden'). OBS: det är frukost som heter 'morgenmad', inte 'frokost' (= lunch).","mad-og-restaurant-b1","b1","mad","audio/da-12deb93716eb05.mp3","audio/da-12deb93716eb05-ex.mp3"
"aftensmad","middag (kvällsmat)","noun","Hvad skal vi have til aftensmad?","Vad ska vi ha till middag?","En-ord: 'en aftensmad'. Tydligaste ordet för kvällsmålet. Synonym: 'middag'.","mad-og-restaurant-b1","b1","mad","audio/da-0b1fa411bd86c2.mp3","audio/da-0b1fa411bd86c2-ex.mp3"
"middag","middag","noun","Vi inviterede dem til middag i aften.","Vi bjöd dem på middag i kväll.","En-ord: 'en middag'. Betyder oftast kvällsmaten (som svenskans middag). Kan regionalt även betyda mitt på dagen.","mad-og-restaurant-b1","b1","mad","audio/da-023440a90daf9c.mp3","audio/da-023440a90daf9c-ex.mp3"
"ret","maträtt","noun","Dagens ret er stegt flæsk.","Dagens rätt är stekt fläsk.","En-ord: 'en ret'. Delvis falsk vän: betyder maträtt. 'Ret' kan också betyda 'rättighet' eller, som adverb, 'ganska'.","mad-og-restaurant-b1","b1","mad|falsk-ven|asymmetrisk","audio/da-1ff019c570cdc4.mp3","audio/da-1ff019c570cdc4-ex.mp3"
"forret","förrätt","noun","Som forret tog vi suppe.","Som förrätt tog vi soppa.","En-ord: 'en forret'. Bildat av 'for-' + 'ret' (maträtt). Stavas med ett 'r' i 'for-': forret.","mad-og-restaurant-b1","b1","mad|stavning","audio/da-0b204dacde9071.mp3","audio/da-0b204dacde9071-ex.mp3"
"hovedret","varmrätt, huvudrätt","noun","Til hovedret valgte jeg fisk.","Till varmrätt valde jag fisk.","En-ord: 'en hovedret'. 'Hoved' = huvud; 'd' är stumt/blødt d, uttalas ungefär 'ho-el'.","mad-og-restaurant-b1","b1","mad","audio/da-1a7ca6392fb3e9.mp3","audio/da-1a7ca6392fb3e9-ex.mp3"
"regning","nota, räkning","noun","Må jeg bede om regningen?","Kan jag få notan?","En-ord: 'en regning'. På restaurang = notan. 'Bede om' (infinitiv 'at bede om') = be om.","mad-og-restaurant-b1","b1","mad","audio/da-068fbad284cfd6.mp3","audio/da-068fbad284cfd6-ex.mp3"
"bestille","beställa","verb","Vi vil gerne bestille nu.","Vi vill gärna beställa nu.","Infinitiv 'at bestille'. Kan också betyda 'göra/uträtta': 'Hvad bestiller du?' = Vad håller du på med?","mad-og-restaurant-b1","b1","mad","audio/da-0e1e0d8eeb23b4.mp3","audio/da-0e1e0d8eeb23b4-ex.mp3"
"tjener","servitör, kypare","noun","Tjeneren kom med menukortet.","Servitören kom med menyn.","En-ord: 'en tjener'. Bildat av 'at tjene' (tjäna). 'Menukort' = menyn.","mad-og-restaurant-b1","b1","mad","audio/da-04b4767e6a52f9.mp3","audio/da-04b4767e6a52f9-ex.mp3"
"smage","smaka","verb","Maden smager virkelig godt.","Maten smakar verkligen gott.","Infinitiv 'at smage'. Presens 'smager'. Stavas med 'g' där svenskan har 'k'.","mad-og-restaurant-b1","b1","mad|stavning","audio/da-04b6bcfd76c290.mp3","audio/da-04b6bcfd76c290-ex.mp3"
"lækker","god, läcker","adj","Desserten var virkelig lækker.","Desserten var verkligen god.","Om mat = gott/läckert (t-form 'lækkert'). Asymmetrisk falsk vän: om en person betyder 'lækker' snygg/attraktiv, vilket svenskans 'läcker' normalt inte säger.","mad-og-restaurant-b1","b1","mad|falsk-ven|asymmetrisk","audio/da-04abacbb09f202.mp3","audio/da-04abacbb09f202-ex.mp3"
"bord","bord","noun","Vi har bestilt bord til fire.","Vi har bokat bord för fyra.","Et-ord: 'et bord'. 'Bestille bord' = boka bord. OBS genus: heter 'et bord', inte 'en'.","mad-og-restaurant-b1","b1","mad","audio/da-113cc93b8dcb67.mp3","audio/da-113cc93b8dcb67-ex.mp3"
"indkøb","inköp, handling","noun","Jeg skal lige ud og handle ind.","Jag ska bara ut och handla.","Et-ord: 'et indkøb'. Verbet 'at handle ind' = att handla mat.","mad-og-restaurant-b1","b1","mad","audio/da-05c36176f68765.mp3","audio/da-05c36176f68765-ex.mp3"
"kvittering","kvitto","noun","Vil du have kvitteringen med?","Vill du ha kvittot med dig?","En-ord: 'en kvittering'. Genusfälla: danska är en-ord, men svenskans 'kvitto' är ett-ord.","mad-og-restaurant-b1","b1","mad","audio/da-09282105362a46.mp3","audio/da-09282105362a46-ex.mp3"
"pose","påse","noun","Vil du have en pose til det?","Vill du ha en påse till det?","En-ord: 'en pose'. Danska 'o' där svenskan har 'å'.","mad-og-restaurant-b1","b1","mad|stavning","audio/da-0c6604d2eee4a7.mp3","audio/da-0c6604d2eee4a7-ex.mp3"
"tilbud","erbjudande, extrapris","noun","Kaffen er på tilbud i denne uge.","Kaffet är på extrapris den här veckan.","Et-ord: 'et tilbud'. 'På tilbud' = på extrapris/rea. Jämför 'udsalg' = rea/realisation.","mad-og-restaurant-b1","b1","mad","audio/da-14d715e07c0b15.mp3","audio/da-14d715e07c0b15-ex.mp3"
"kasse","kassa","noun","Der er lang kø ved kassen.","Det är lång kö vid kassan.","En-ord: 'en kasse'. Betyder både kassan (i butik) och 'låda'.","mad-og-restaurant-b1","b1","mad","audio/da-1d7c6ef297761a.mp3","audio/da-1d7c6ef297761a-ex.mp3"
"tog","tåg","noun","Toget til Aarhus kører fra spor 3.","Tåget till Aarhus går från spår 3.","Et-ord: et tog. Uttalas ungefär ""to'"" – det skrivna g:et hörs knappt.","rejser-og-transport-b1","b1","rejser","audio/da-04899ae550f1cb.mp3","audio/da-04899ae550f1cb-ex.mp3"
"fly","flyg","noun","Vores fly er forsinket en time.","Vårt flyg är försenat en timme.","Et-ord: et fly. Kan också vara verbet at flyve (att flyga).","rejser-og-transport-b1","b1","rejser","audio/da-140513a5d1d847.mp3","audio/da-140513a5d1d847-ex.mp3"
"lufthavn","flygplats","noun","Vi mødes i lufthavnen klokken syv.","Vi möts på flygplatsen klockan sju.","En-ord: en lufthavn. Ordagrant ""lufthamn"" – danskan säger inte ""flyveplads"" i vardagligt tal.","rejser-og-transport-b1","b1","rejser","audio/da-1f0fabef6add00.mp3","audio/da-1f0fabef6add00-ex.mp3"
"billet","biljett","noun","Jeg har købt en billet til København.","Jag har köpt en biljett till Köpenhamn.","En-ord: en billet. Stavas med dubbelt l och ett t – jämför svenskans biljett.","rejser-og-transport-b1","b1","rejser|stavning","audio/da-16035f709ba3e3.mp3","audio/da-16035f709ba3e3-ex.mp3"
"afgang","avgång","noun","Næste afgang er om ti minutter.","Nästa avgång är om tio minuter.","En-ord: en afgang. Stavas med f där svenskan har v.","rejser-og-transport-b1","b1","rejser|stavning","audio/da-009046118840f7.mp3","audio/da-009046118840f7-ex.mp3"
"ankomst","ankomst","noun","Ankomsten er planlagt til klokken tre.","Ankomsten är planerad till klockan tre.","En-ord: en ankomst.","rejser-og-transport-b1","b1","rejser","audio/da-1564c7bcc07a83.mp3","audio/da-1564c7bcc07a83-ex.mp3"
"perron","perrong","noun","Toget holder ved perron to.","Tåget står vid perrong två.","En-ord: en perron. Stavas utan g på slutet, till skillnad från svenskans perrong.","rejser-og-transport-b1","b1","rejser|stavning","audio/da-020e4fe2f4826f.mp3","audio/da-020e4fe2f4826f-ex.mp3"
"spor","spår","noun","Fra hvilket spor kører toget?","Från vilket spår går tåget?","Et-ord: et spor. Används om tågspår på stationen.","rejser-og-transport-b1","b1","rejser","audio/da-1ccdabc4fd3f44.mp3","audio/da-1ccdabc4fd3f44-ex.mp3"
"forsinkelse","försening","noun","Der er en forsinkelse på tyve minutter.","Det är en försening på tjugo minuter.","En-ord: en forsinkelse. Adjektivet är forsinket (försenad).","rejser-og-transport-b1","b1","rejser","audio/da-1afa0fce4ccf7c.mp3","audio/da-1afa0fce4ccf7c-ex.mp3"
"skifte","byta (tåg/buss)","verb","Du skal skifte i Roskilde.","Du måste byta i Roskilde.","Infinitiv: at skifte. Om tåg/buss betyder det ""byta"" – inte svenskans ""skifta"".","rejser-og-transport-b1","b1","rejser|falsk-ven|asymmetrisk","audio/da-043a177d87a44a.mp3","audio/da-043a177d87a44a-ex.mp3"
"rejsekort","resekort (för kollektivtrafik)","noun","Husk at tjekke dit rejsekort ind.","Kom ihåg att checka in ditt resekort.","Et-ord: et rejsekort. Det danska betalkortet för buss och tåg.","rejser-og-transport-b1","b1","rejser","audio/da-097906ef7d37f9.mp3","audio/da-097906ef7d37f9-ex.mp3"
"bus","buss","noun","Bussen kommer om fem minutter.","Bussen kommer om fem minuter.","En-ord: en bus. Stavas med ett s, till skillnad från svenskans buss.","rejser-og-transport-b1","b1","rejser|stavning","audio/da-1bf37cf24429e1.mp3","audio/da-1bf37cf24429e1-ex.mp3"
"stoppested","hållplats","noun","Vi står af ved næste stoppested.","Vi går av vid nästa hållplats.","Et-ord: et stoppested. Ordagrant ""stoppställe"".","rejser-og-transport-b1","b1","rejser","audio/da-1b7bff78478ec3.mp3","audio/da-1b7bff78478ec3-ex.mp3"
"færge","färja","noun","Vi tager færgen over til Sverige.","Vi tar färjan över till Sverige.","En-ord: en færge. Stavas med æ och g där svenskan har ä och j.","rejser-og-transport-b1","b1","rejser|stavning","audio/da-187b4ae29cd202.mp3","audio/da-187b4ae29cd202-ex.mp3"
"cykel","cykel","noun","I København tager mange cyklen på arbejde.","I Köpenhamn tar många cykeln till jobbet.","En-ord: en cykel. Plural: cykler.","rejser-og-transport-b1","b1","rejser","audio/da-09bc1337eee664.mp3","audio/da-09bc1337eee664-ex.mp3"
"rejse","resa (verb)","verb","Vi rejser til udlandet hver sommer.","Vi reser utomlands varje sommar.","Infinitiv: at rejse. Obs: rejse sig betyder ""resa sig"" (ställa sig upp).","rejser-og-transport-b1","b1","rejser","audio/da-06e7ad09f8a18e.mp3","audio/da-06e7ad09f8a18e-ex.mp3"
"bagage","bagage","noun","Min bagage er allerede tjekket ind.","Mitt bagage är redan incheckat.","En-ord på danska: en bagage (bagagen). På svenska är det däremot ett ord (bagaget) – obs olikt genus.","rejser-og-transport-b1","b1","rejser","audio/da-0313df331683d1.mp3","audio/da-0313df331683d1-ex.mp3"
"udlandet","utlandet","noun","Hun bor i udlandet nu.","Hon bor utomlands nu.","Bestämd form av et-ordet udland. Stavas med d där svenskan har t.","rejser-og-transport-b1","b1","rejser|stavning","audio/da-04484494d3b2e2.mp3","audio/da-04484494d3b2e2-ex.mp3"
"møde","möte","noun","Vi har et møde klokken ti.","Vi har ett möte klockan tio.","Et-ord: 'et møde'. Stavas med ø och blødt d. Kan även vara verbet 'at møde' = att möta.","arbejde-b2","b1","arbejde|stavning","audio/da-065f702a0889d0.mp3","audio/da-065f702a0889d0-ex.mp3"
"frist","deadline, tidsgräns","noun","Fristen for ansøgningen er på fredag.","Deadline för ansökan är på fredag.","En-ord: 'en frist'. Falsk vän: danskt 'frist' = deadline/tidsgräns, INTE svensk frist (anstånd/uppskov).","arbejde-b2","b2","arbejde|falsk-ven|asymmetrisk","audio/da-0c4df7cd760c9b.mp3","audio/da-0c4df7cd760c9b-ex.mp3"
"ferie","semester, ledighet","noun","Jeg holder ferie i tre uger til sommer.","Jag har semester i tre veckor till sommaren.","En-ord: 'en ferie'. Falsk vän: danskt 'ferie' = semester/ledighet generellt, inte bara skollov som svensk ferie. Svenskans 'semester' heter 'ferie' på danska.","arbejde-b2","b1","arbejde|falsk-ven|asymmetrisk","audio/da-144a24f2db59e5.mp3","audio/da-144a24f2db59e5-ex.mp3"
"fyre","avskeda, sparka","verb","De var nødt til at fyre tre medarbejdere.","De var tvungna att avskeda tre medarbetare.","Infinitiv: 'at fyre'. Falsk vän: låter som svenskans 'fyra/fira' men betyder avskeda. 'Han blev fyret' = han fick sparken.","arbejde-b2","b2","arbejde|falsk-ven|asymmetrisk","audio/da-0dd14f78f4d14c.mp3","audio/da-0dd14f78f4d14c-ex.mp3"
"ansat","anställd","noun","Virksomheden har over hundrede ansatte.","Företaget har över hundra anställda.","En-ord: 'en ansat', plural 'ansatte'. Används även som particip: 'at være ansat' = att vara anställd.","arbejde-b2","b1","arbejde","audio/da-14949c11cd71f5.mp3","audio/da-14949c11cd71f5-ex.mp3"
"kollega","kollega","noun","Min kollega hjælper mig med opgaven.","Min kollega hjälper mig med uppgiften.","En-ord: 'en kollega', plural 'kolleger' eller 'kollegaer'.","arbejde-b2","b1","arbejde","audio/da-0917a39747f24d.mp3","audio/da-0917a39747f24d-ex.mp3"
"chef","chef","noun","Jeg skal tale med min chef i morgen.","Jag ska prata med min chef imorgon.","En-ord: 'en chef'. Uttalas med 'sj'-ljud, ungefär 'sjef'.","arbejde-b2","b1","arbejde","audio/da-15fdd8e8b7cbef.mp3","audio/da-15fdd8e8b7cbef-ex.mp3"
"løn","lön","noun","Hun fik en højere løn efter forfremmelsen.","Hon fick en högre lön efter befordran.","En-ord: 'en løn'. Stavas med ø: svenskt ö blir ø på danska.","arbejde-b2","b1","arbejde|stavning","audio/da-098325d75f8a30.mp3","audio/da-098325d75f8a30-ex.mp3"
"ansøgning","ansökan","noun","Jeg sendte min ansøgning i sidste uge.","Jag skickade min ansökan förra veckan.","En-ord: 'en ansøgning'. Verbet är 'at ansøge' = att ansöka. Stavas med ø.","arbejde-b2","b2","arbejde|stavning","audio/da-0b7886bf37595f.mp3","audio/da-0b7886bf37595f-ex.mp3"
"opgave","uppgift","noun","Den her opgave er svær at løse.","Den här uppgiften är svår att lösa.","En-ord: 'en opgave'. Notera danskt 'op' där svenskan har 'upp'.","arbejde-b2","b1","arbejde","audio/da-12b72b08f9567b.mp3","audio/da-12b72b08f9567b-ex.mp3"
"fuldtid","heltid","noun","Hun arbejder på fuld tid.","Hon arbetar på heltid.","En-ord: 'en fuldtid'. 'Fuld' = full/hel; svenskt 'hel-' blir 'fuld-' här, inte 'heltid'. I uttrycket skrivs ofta 'på fuld tid' i to ord.","arbejde-b2","b2","arbejde","audio/da-0bfb969b2f8b30.mp3","audio/da-0bfb969b2f8b30-ex.mp3"
"deltid","deltid","noun","Han er ansat på deltid.","Han är anställd på deltid.","En-ord: 'en deltid'. Samma som svenska, men uttalas med blødt d i slutet.","arbejde-b2","b2","arbejde","audio/da-14eccc62d548b1.mp3","audio/da-14eccc62d548b1-ex.mp3"
"overarbejde","övertid","noun","Der er meget overarbejde i denne uge.","Det är mycket övertid den här veckan.","Et-ord: 'et overarbejde'. Obs: svenskt 'övertid' heter 'overarbejde', inte 'overtid'.","arbejde-b2","b2","arbejde","audio/da-1e75ab2d86e83e.mp3","audio/da-1e75ab2d86e83e-ex.mp3"
"vikar","vikarie","noun","Vi får en vikar, mens hun er på barsel.","Vi får en vikarie medan hon är föräldraledig.","En-ord: 'en vikar'. Kortare form än svenskans 'vikarie'.","arbejde-b2","b2","arbejde","audio/da-0242a4290068e5.mp3","audio/da-0242a4290068e5-ex.mp3"
"arbejdsplads","arbetsplats","noun","Det er en god arbejdsplads med søde kolleger.","Det är en bra arbetsplats med trevliga kollegor.","En-ord: 'en arbejdsplads'. 'Arbejd-' med j där svenskan har 'arbet-'.","arbejde-b2","b1","arbejde|stavning","audio/da-12ed5cb4421c0e.mp3","audio/da-12ed5cb4421c0e-ex.mp3"
"sygemelde sig","sjukanmäla sig","phrase","Jeg er nødt til at sygemelde mig i dag.","Jag måste sjukanmäla mig idag.","Reflexivt verb: 'at sygemelde sig'. 'Syg' = sjuk; svenskt 'sjuk-' blir 'syge-'.","arbejde-b2","b2","arbejde|fras","audio/da-1f90b7aa130db4.mp3","audio/da-1f90b7aa130db4-ex.mp3"
"hoved","huvud","noun","Jeg har ondt i hovedet.","Jag har ont i huvudet.","Et-ord: 'et hoved'. Slut-d:t är stumt, ordet uttalas ungefär 'houe'.","krop-og-sundhed-b1","b1","krop|noun","audio/da-198b138fdc9c66.mp3","audio/da-198b138fdc9c66-ex.mp3"
"hals","hals","noun","Jeg har ondt i halsen.","Jag har ont i halsen.","En-ord: 'en hals'. Fungerar precis som svenska 'hals' – 'ondt i halsen' = ont i halsen. (Nacken bakom heter 'nakken'.)","krop-og-sundhed-b1","b1","krop|noun","audio/da-1dd7210f5818ac.mp3","audio/da-1dd7210f5818ac-ex.mp3"
"mave","mage","noun","Hun har ondt i maven.","Hon har ont i magen.","En-ord: 'en mave'. Stavas med v där svenskan har g (mage → mave).","krop-og-sundhed-b1","b1","krop|stavning","audio/da-1f731a8ad7f33d.mp3","audio/da-1f731a8ad7f33d-ex.mp3"
"ryg","rygg","noun","Min ryg gør ondt efter løbeturen.","Min rygg gör ont efter löprundan.","En-ord: 'en ryg'. Danskan har bara ett g (rygg → ryg).","krop-og-sundhed-b1","b1","krop|stavning","audio/da-060b0ffe79db89.mp3","audio/da-060b0ffe79db89-ex.mp3"
"ben","ben","noun","Jeg slog mit ben, da jeg faldt.","Jag slog benet när jag föll.","Et-ord: 'et ben'. Betyder både benet man går på och knogle – precis som svenska 'ben', så ingen fälla.","krop-og-sundhed-b1","b1","krop|noun","audio/da-00963d0f3496cd.mp3","audio/da-00963d0f3496cd-ex.mp3"
"knæ","knä","noun","Hun faldt og slog sit knæ.","Hon föll och slog i knät.","Et-ord: 'et knæ'. Svenskt ä blir æ (knä → knæ).","krop-og-sundhed-b1","b1","krop|stavning","audio/da-0a1322d60458c1.mp3","audio/da-0a1322d60458c1-ex.mp3"
"have ondt i","ha ont i","phrase","Jeg har ondt i ryggen.","Jag har ont i ryggen.","Fast konstruktion: 'have ondt i' + kroppsdel. 'ondt' motsvarar svenskt 'ont'.","krop-og-sundhed-b1","b1","krop|fras","audio/da-1c70ae30dc83cb.mp3","audio/da-1c70ae30dc83cb-ex.mp3"
"feber","feber","noun","Barnet har høj feber.","Barnet har hög feber.","En-ord: 'en feber'. Samma ord som på svenska.","krop-og-sundhed-b1","b1","krop|noun","audio/da-1b049be84c0ba2.mp3","audio/da-1b049be84c0ba2-ex.mp3"
"hoste","hosta","verb","Han hoster meget om natten.","Han hostar mycket på natten.","Infinitiv: 'at hoste'. Kan också vara substantiv: 'en hoste' (en-ord) = en hosta.","krop-og-sundhed-b1","b1","krop|verb","audio/da-049f130452188d.mp3","audio/da-049f130452188d-ex.mp3"
"forkølet","förkyld","adj","Jeg er forkølet og snøfter.","Jag är förkyld och snörvlar.","Adjektiv. Att bli förkyld = 'at blive forkølet'. Notera ändelsen -et (inte svenskans -d).","krop-og-sundhed-b1","b1","krop|stavning","audio/da-09a5626e2862a9.mp3","audio/da-09a5626e2862a9-ex.mp3"
"syg","sjuk","adj","Jeg blev syg i weekenden.","Jag blev sjuk i helgen.","Adjektiv. Sjuk → syg. Uttalas med blødt g, nästan som 'sy'.","krop-og-sundhed-b1","b1","krop|stavning","audio/da-0b4686b3ad3f10.mp3","audio/da-0b4686b3ad3f10-ex.mp3"
"sygdom","sjukdom","noun","Det er en alvorlig sygdom.","Det är en allvarlig sjukdom.","En-ord: 'en sygdom'. Sjukdom → sygdom (jämför syg = sjuk).","krop-og-sundhed-b1","b1","krop|stavning","audio/da-03d94760ca66a3.mp3","audio/da-03d94760ca66a3-ex.mp3"
"læge","läkare","noun","Du bør gå til lægen.","Du borde gå till läkaren.","En-ord: 'en læge'. Förväxla inte med 'at lege' (att leka) – nästan samma stavning, helt olika betydelse.","krop-og-sundhed-b1","b1","krop|falsk-ven|asymmetrisk","audio/da-0d1eece9fcc092.mp3","audio/da-0d1eece9fcc092-ex.mp3"
"medicin","medicin","noun","Lægen gav mig noget medicin.","Läkaren gav mig medicin.","En-ord: 'en medicin'. Samma ord som på svenska.","krop-og-sundhed-b1","b1","krop|noun","audio/da-19df8797eb31ce.mp3","audio/da-19df8797eb31ce-ex.mp3"
"recept","recept","noun","Den medicin kræver et recept.","Den medicinen kräver ett recept.","Et-ord: 'et recept' (inte 'en recept'!). Används både om matrecept och läkarrecept.","krop-og-sundhed-b1","b1","krop|noun","audio/da-19088312a8f8c2.mp3","audio/da-19088312a8f8c2-ex.mp3"
"sundhed","hälsa","noun","Motion er godt for sundheden.","Motion är bra för hälsan.","En-ord: 'en sundhed'. Ordagrant 'sundhet' – svenskan saknar denna form och säger 'hälsa'.","krop-og-sundhed-b1","b1","krop|noun","audio/da-15914a6215c018.mp3","audio/da-15914a6215c018-ex.mp3"
"blodtryk","blodtryck","noun","Lægen målte mit blodtryk.","Läkaren mätte mitt blodtryck.","Et-ord: 'et blodtryk'. Danskan har bara ett k på slutet (tryck → tryk).","krop-og-sundhed-b1","b1","krop|stavning","audio/da-1fa0d668b8fb73.mp3","audio/da-1fa0d668b8fb73-ex.mp3"
"stue","vardagsrum","noun","Vi sad i stuen og så fjernsyn.","Vi satt i vardagsrummet och såg på tv.","En-ord: 'en stue'. STARK falsk vän: betyder vardagsrum (och i sammansättningar våningsplan), INTE svensk stuga. Stuga = sommerhus/hytte.","hjem-og-familie-b1","b1","hjem|falsk-ven|asymmetrisk","audio/da-0a3b2f8acedca2.mp3","audio/da-0a3b2f8acedca2-ex.mp3"
"stueetage","bottenvåning","noun","Lejligheden ligger i stueetagen.","Lägenheten ligger på bottenvåningen.","En-ord: 'en stueetage'. 'Stue-' = bottenplan; 'første sal' är en trappa upp, inte bottenvåningen.","hjem-og-familie-b1","b1","hjem","audio/da-0fa8f2df6efab3.mp3","audio/da-0fa8f2df6efab3-ex.mp3"
"værelse","rum","noun","Barnet har sit eget værelse.","Barnet har sitt eget rum.","Et-ord: 'et værelse'. Används om sov-/bostadsrum. Danska 'rum' kan också betyda rum, men 'værelse' är standardordet för ett rum i bostaden.","hjem-og-familie-b1","b1","hjem","audio/da-0c517e4f1888b0.mp3","audio/da-0c517e4f1888b0-ex.mp3"
"lejlighed","lägenhet","noun","De har købt en lejlighed i byen.","De har köpt en lägenhet i staden.","En-ord: 'en lejlighed'. Kan även betyda 'tillfälle' (ved lejlighed = vid tillfälle).","hjem-og-familie-b1","b1","hjem","audio/da-1ff36e0f8c7d71.mp3","audio/da-1ff36e0f8c7d71-ex.mp3"
"bolig","bostad","noun","Det er svært at finde en bolig i København.","Det är svårt att hitta en bostad i Köpenhamn.","En-ord: 'en bolig'. Samlingsord för bostad (hus eller lägenhet).","hjem-og-familie-b1","b1","hjem","audio/da-0680dc4e8bf6a4.mp3","audio/da-0680dc4e8bf6a4-ex.mp3"
"køkken","kök","noun","Hun laver mad i køkkenet.","Hon lagar mat i köket.","Et-ord: 'et køkken'. Stavas med 'kk' och 'ø' – inte som svenska 'kök'.","hjem-og-familie-b1","b1","hjem|stavning","audio/da-02272cc59e8cb9.mp3","audio/da-02272cc59e8cb9-ex.mp3"
"badeværelse","badrum","noun","Badeværelset er lige nyt.","Badrummet är helt nytt.","Et-ord: 'et badeværelse'. Byggs med -værelse, inte -rum (svenska 'badrum').","hjem-og-familie-b1","b1","hjem","audio/da-189d4d97e37aa1.mp3","audio/da-189d4d97e37aa1-ex.mp3"
"soveværelse","sovrum","noun","Vi maler soveværelset i weekenden.","Vi målar sovrummet i helgen.","Et-ord: 'et soveværelse'. Av 'sove' (sova) + 'værelse' (rum).","hjem-og-familie-b1","b1","hjem","audio/da-1860e6a085ef56.mp3","audio/da-1860e6a085ef56-ex.mp3"
"nabo","granne","noun","Vores nabo er meget venlig.","Vår granne är väldigt vänlig.","En-ord: 'en nabo'. Helt annat ord än svenska 'granne' – värt att lära in.","hjem-og-familie-b1","b1","hjem","audio/da-0cf1b275f59c8b.mp3","audio/da-0cf1b275f59c8b-ex.mp3"
"forældre","föräldrar","noun","Mine forældre bor på landet.","Mina föräldrar bor på landet.","Pluralord (plurale tantum): 'forældre'. En förälder = 'en forælder'.","hjem-og-familie-b1","b1","hjem","audio/da-0b9b90faf8f556.mp3","audio/da-0b9b90faf8f556-ex.mp3"
"søskende","syskon","noun","Har du nogen søskende?","Har du några syskon?","Et-ord, samma form i singular och plural: 'et søskende', flere 'søskende'. Stavas med 'ø'.","hjem-og-familie-b1","b1","hjem|stavning","audio/da-142f82c0927094.mp3","audio/da-142f82c0927094-ex.mp3"
"svigermor","svärmor","noun","Min svigermor kommer på besøg.","Min svärmor kommer på besök.","En-ord: 'en svigermor'. Förledet 'sviger-' = svenskans 'svär-': svigerfar, svigerinde (svägerska).","hjem-og-familie-b1","b1","hjem","audio/da-0976e445e8316b.mp3","audio/da-0976e445e8316b-ex.mp3"
"barnebarn","barnbarn","noun","De passer deres barnebarn om fredagen.","De passar sitt barnbarn på fredagarna.","Et-ord: 'et barnebarn', plural 'børnebørn'. Obs det extra 'e' i mitten jämfört med svenska.","hjem-og-familie-b1","b1","hjem|stavning","audio/da-15a19e31bb567c.mp3","audio/da-15a19e31bb567c-ex.mp3"
"fætter","kusin (manlig)","noun","Min fætter bor i Aarhus.","Min kusin (manlig) bor i Århus.","En-ord: 'en fætter'. Danskan könar kusin: fætter = manlig kusin, kusine = kvinnlig.","hjem-og-familie-b1","b1","hjem","audio/da-0f147f1e02f071.mp3","audio/da-0f147f1e02f071-ex.mp3"
"kusine","kusin (kvinnlig)","noun","Jeg skal besøge min kusine.","Jag ska besöka min kusin (kvinnlig).","En-ord: 'en kusine'. Kvinnlig kusin; manlig kusin heter fætter.","hjem-og-familie-b1","b1","hjem","audio/da-1f9d143bc4802e.mp3","audio/da-1f9d143bc4802e-ex.mp3"
"sommerhus","sommarstuga","noun","Vi tager i sommerhus i juli.","Vi åker till sommarstugan i juli.","Et-ord: 'et sommerhus'. Detta (eller 'hytte') är svenskans 'stuga' – INTE 'stue', som betyder vardagsrum.","hjem-og-familie-b1","b1","hjem","audio/da-020f17a9a088e9.mp3","audio/da-020f17a9a088e9-ex.mp3"
"første sal","en trappa upp (våning 1)","phrase","Vi bor på første sal.","Vi bor en trappa upp.","'Sal' = våningsplan. Obs: 'første sal' är EN trappa upp, inte bottenvåningen – den heter 'stueetage'.","hjem-og-familie-b1","b1","hjem|fras","audio/da-0a89661a129df8.mp3","audio/da-0a89661a129df8-ex.mp3"
"gift","gift (äktenskap) / gift (toxin)","other","Hun har været gift i ti år.","Hon har varit gift i tio år.","Dubbeltydigt: adjektivet 'gift' = gift (i äktenskap) OCH substantivet 'en gift' (en-ord) = ett gift/toxin. Förgiftad heter 'forgiftet'.","falske-venner-b2","b1","falsk-ven|asymmetrisk","audio/da-1962c1f7e9f268.mp3","audio/da-1962c1f7e9f268-ex.mp3"
"dyr","djur / dyr","other","Det er et farligt dyr, og det er meget dyrt at holde.","Det är ett farligt djur, och det är mycket dyrt att hålla.","Dubbeltydigt: substantivet 'et dyr' (et-ord) = ett djur, och adjektivet 'dyr' = dyr/kostsam. Sammanhanget avgör.","falske-venner-b2","b1","falsk-ven|asymmetrisk","audio/da-0c2648996a44e0.mp3","audio/da-0c2648996a44e0-ex.mp3"
"regne","regna / räkna","verb","Jeg regner med, at det begynder at regne snart.","Jag räknar med att det börjar regna snart.","Infinitiv: at regne. Dubbeltydigt: 'regne' = både regna och räkna. 'regne med' = räkna med (inte 'regna med'). 'regne ud' = räkna ut.","falske-venner-b2","b1","falsk-ven|asymmetrisk","audio/da-16635876f0797d.mp3","audio/da-16635876f0797d-ex.mp3"
"sky","moln / köttsky, gelé / blyg","other","Der er ikke en sky på himlen, og kødet ligger i sin egen sky.","Det finns inte ett moln på himlen, och köttet ligger i sin egen sky.","Falsk vän: 'sky' (en-ord: 'en sky') = moln ELLER klar köttsky/gelé, och som adjektiv = blyg. Det är INTE det vanliga ordet för sås (= 'sovs'). Svensk 'himmel' = 'himmel'.","falske-venner-b2","b2","falsk-ven|asymmetrisk","audio/da-1f16c439ed8b20.mp3","audio/da-1f16c439ed8b20-ex.mp3"
"semester","termin (akademisk)","noun","Det nye semester starter i september.","Den nya terminen börjar i september.","Et-ord: 'et semester'. FALSK VÄN: danska 'semester' = akademisk termin, INTE ledighet. Svensk semester (= ledighet) heter på danska 'ferie'.","falske-venner-b2","b1","falsk-ven|omvänd","audio/da-1f31adc72dec4e.mp3","audio/da-1f31adc72dec4e-ex.mp3"
"anledning","orsak, anledning","noun","Der er ingen anledning til at blive vred.","Det finns ingen anledning att bli arg.","En-ord: 'en anledning'. Asymmetrisk: betyder främst orsak/anledning samt 'tillfälle' i bemärkelsen 'i anledning af' (= med anledning av). Konkret tillfälle/möjlighet heter 'lejlighed'.","falske-venner-b2","b2","falsk-ven|asymmetrisk","audio/da-1f04797e4fa106.mp3","audio/da-1f04797e4fa106-ex.mp3"
"flink","vänlig, snäll","adj","Tak, det var flinkt af dig.","Tack, det var snällt av dig.","FALSK VÄN: danska 'flink' = vänlig/snäll, INTE snabb/händig. Svensk 'flink' (= snabb/händig) heter på danska 'hurtig' eller 'dygtig'.","falske-venner-b2","b1","falsk-ven|asymmetrisk","audio/da-025a00ecf9e0e0.mp3","audio/da-025a00ecf9e0e0-ex.mp3"
"rar","snäll, vänlig (om person)","adj","Hun er en rar og venlig kvinde.","Hon är en snäll och vänlig kvinna.","FALSK VÄN: danska 'rar' = snäll/vänlig om en person, INTE söt/näpen. Svensk 'rar' (= söt/näpen) heter på danska 'sød' eller 'nuttet'.","falske-venner-b2","b1","falsk-ven|asymmetrisk","audio/da-069384befd5dcf.mp3","audio/da-069384befd5dcf-ex.mp3"
"sød","söt, gullig / snäll","adj","Hvor er den hund sød!","Vad söt den hunden är!","Adjektiv. Täcker både söt/gullig och snäll. Det här är ordet för svensk 'söt/rar'. Jämför 'rar' = snäll (inte söt) och 'nuttet' = gullig.","falske-venner-b2","b1","falsk-ven|asymmetrisk","audio/da-0773cf05c27398.mp3","audio/da-0773cf05c27398-ex.mp3"
"hurtig","snabb","adj","Han er en hurtig løber.","Han är en snabb löpare.","Adjektiv. Det här är ordet för svensk 'snabb/flink'. Jämför falsk vän 'flink' = vänlig (inte snabb). Adv. 'hurtigt' = snabbt.","falske-venner-b2","b1","falsk-ven|asymmetrisk","audio/da-1a1c0730c833e2.mp3","audio/da-1a1c0730c833e2-ex.mp3"
"forgiftet","förgiftad","adj","Fisken var forgiftet af kemikalier.","Fisken var förgiftad av kemikalier.","Particip av 'at forgifte'. Använd detta, inte 'gift', när du menar förgiftad. 'gift' ensamt = gift (äktenskap) eller substantivet gift/toxin.","falske-venner-b2","b2","falsk-ven|asymmetrisk","audio/da-0ebeb85c68fa43.mp3","audio/da-0ebeb85c68fa43-ex.mp3"
"sovs","sås","noun","Der er for lidt sovs til kartoflerne.","Det är för lite sås till potatisen.","En-ord: 'en sovs'. Vanligaste ordet för sås. Förväxla inte med 'sky', som är den klara köttskyn/saften.","falske-venner-b2","b1","falsk-ven|stavning","audio/da-0952171bb1f75b.mp3","audio/da-0952171bb1f75b-ex.mp3"
"grineren","skoj, lattjo","phrase","Det var grineren, da han faldt i bassinet.","Det var skoj när han ramlade i bassängen.","Slang (av 'grine' = skratta): 'det var grineren' = det var skoj/lattjo. Inget med att grina/gråta att göra. Informellt.","falske-venner-b2","b2","falsk-ven|fras|asymmetrisk","audio/da-15d7f6c00f713c.mp3","audio/da-15d7f6c00f713c-ex.mp3"
"himmel","himmel","noun","Der er ikke en sky på himlen i dag.","Det finns inte ett moln på himlen i dag.","En-ord: 'en himmel'. Det här är ordet för svensk 'himmel'. Jämför 'sky' = moln (eller köttsky/blyg), inte himmel.","falske-venner-b2","b1","falsk-ven|omvänd","audio/da-157837d33de718.mp3","audio/da-157837d33de718-ex.mp3"
"dygtig","duktig, skicklig","adj","Hun er en dygtig håndværker.","Hon är en skicklig hantverkare.","Adjektiv. Ordet för svensk 'duktig/skicklig' och delvis 'flink' i betydelsen händig. Inte att förväxla med danska 'flink' = vänlig.","falske-venner-b2","b1","falsk-ven|asymmetrisk","audio/da-0d7e300cb86dc9.mp3","audio/da-0d7e300cb86dc9-ex.mp3"
